host_id,host_name,host_response_rate,host_verifications,is_superhost,response_time
1,Abbi Ghidini,77,"['phone', 'government ID', 'work email', 'email']",0,more than one hour
2,Fanchette McClancy,70,"['email', 'government ID', 'phone', 'work email']",0,within fifteen minutes
3,Concordia Venny,87,"['email', 'phone']",0,within fifteen minutes
4,Rozanna Barmadier,100,"['work email', 'phone']",1,within fifteen minutes
5,Neel Serman,86,"['phone', 'work email', 'government ID', 'email']",0,more than one hour
6,Gwynne Spence,86,"['email', 'work email', 'government ID', 'phone']",0,within fifteen minutes
7,Giusto Mounfield,51,['email'],0,within an hour
8,Ysabel Metzke,84,['government ID'],0,within an hour
9,Symon Probey,84,['phone'],0,within an hour
10,Doralyn Zavattieri,51,"['email', 'phone', 'work email']",0,more than one hour
11,Tybi Huckell,51,"['phone', 'government ID', 'work email', 'email']",0,more than one hour
12,Tanya Kmiec,86,"['work email', 'government ID', 'email']",0,within half an hour
13,Van McKelvey,83,['government ID'],1,within half an hour
14,Georgeanna Wincer,62,"['email', 'phone', 'government ID']",0,more than one hour
15,Dani Bartoszinski,58,"['email', 'work email']",0,within an hour
16,Sharleen Wadlow,81,"['government ID', 'phone']",1,within half an hour
17,Lammond Fidgin,99,"['phone', 'government ID']",0,within fifteen minutes
18,Quent Linstead,75,['email'],0,within an hour
19,Nollie Novotna,59,"['phone', 'email']",0,within half an hour
20,Mikel Fardell,91,"['work email', 'government ID']",0,more than one hour
21,Reid Haack,54,"['government ID', 'email', 'phone']",0,within fifteen minutes
22,Sabine Thickpenny,89,['government ID'],0,within an hour
23,Dilan Swinn,55,['government ID'],0,within an hour
24,Orelle Brotherheed,54,['email'],0,within fifteen minutes
25,Jacki Agott,56,"['phone', 'government ID', 'work email', 'email']",0,more than one hour
26,Bradan Barnsdall,93,['work email'],1,within half an hour
27,Ashton Pidgin,91,"['email', 'government ID']",0,within fifteen minutes
28,Idalina Markwelley,91,"['email', 'work email']",1,within fifteen minutes
29,Robinet Toppes,74,['work email'],0,within an hour
30,Colene Lycett,67,"['work email', 'government ID', 'phone', 'email']",0,within fifteen minutes
31,Bourke Fergusson,68,"['phone', 'email']",0,within fifteen minutes
32,Selie O'Hogertie,82,"['email', 'work email', 'government ID']",0,more than one hour
33,Silvana Cummins,91,"['work email', 'government ID', 'phone']",1,within half an hour
34,Sutton Trahar,58,"['work email', 'email']",0,within half an hour
35,Finn McCafferky,52,"['work email', 'phone']",0,within an hour
36,Ardella Fairlaw,78,"['work email', 'phone', 'email', 'government ID']",0,more than one hour
37,Norbie Spraging,95,"['government ID', 'work email']",0,within half an hour
38,Cary Tween,61,"['email', 'government ID', 'phone']",0,within half an hour
39,Adara Orehead,68,"['phone', 'government ID', 'work email', 'email']",0,within an hour
40,Daloris Millions,54,"['email', 'work email', 'phone', 'government ID']",0,within fifteen minutes
41,Whit Butlin,95,"['government ID', 'work email']",0,within fifteen minutes
42,Lindsey Rennels,80,"['government ID', 'work email', 'phone', 'email']",1,within half an hour
43,Tatum Kirke,92,"['work email', 'government ID']",1,within fifteen minutes
44,Mychal L' Anglois,78,"['phone', 'email', 'government ID', 'work email']",0,within half an hour
45,Kalina Bluschke,53,"['government ID', 'email', 'phone', 'work email']",0,more than one hour
46,Florenza Hasley,87,"['government ID', 'email', 'work email', 'phone']",1,within fifteen minutes
47,Pen Mosedill,67,"['email', 'phone', 'government ID', 'work email']",0,more than one hour
48,Geoffrey Lipscombe,82,"['email', 'work email', 'government ID', 'phone']",0,within half an hour
49,Cthrine Rois,52,['email'],0,within half an hour
50,Keelia Denk,89,"['phone', 'work email']",0,within half an hour
51,Bryn MacSween,50,['work email'],0,within fifteen minutes
52,Hollyanne Abelovitz,87,"['work email', 'phone']",0,within an hour
53,Jaquenette Perryn,96,"['phone', 'work email', 'government ID', 'email']",0,within fifteen minutes
54,Berky Lambol,72,"['email', 'government ID']",0,within an hour
55,Jacquelynn Binch,65,"['government ID', 'phone']",0,within half an hour
56,Cammy Hayman,87,"['government ID', 'work email', 'phone']",0,more than one hour
57,Joline Hurd,79,"['government ID', 'email']",0,within an hour
58,Boot Gasken,99,['government ID'],1,within half an hour
59,Arlette Ragborne,60,"['phone', 'work email', 'email']",0,within half an hour
60,Luther Vivian,91,"['email', 'government ID', 'phone']",1,within fifteen minutes
61,Lavina Eymor,76,['government ID'],0,within fifteen minutes
62,Bernie Furmagier,75,['phone'],0,within fifteen minutes
63,Lanna Zanitti,77,"['email', 'government ID', 'work email', 'phone']",0,more than one hour
64,Dido Beeby,69,"['email', 'government ID', 'phone']",0,within half an hour
65,Clarance Waddy,62,"['government ID', 'email']",0,more than one hour
66,Yoshi Bewly,77,['work email'],0,within half an hour
67,Libbey Vinck,90,['government ID'],1,within half an hour
68,Dee Elflain,66,"['government ID', 'email', 'phone', 'work email']",0,within fifteen minutes
69,Constantine Sivyer,81,"['email', 'phone', 'government ID']",1,within fifteen minutes
70,Maren Sprason,89,"['phone', 'work email']",1,within half an hour
71,Bevan Munnis,68,"['phone', 'email', 'work email', 'government ID']",0,more than one hour
72,Gabriela Sausman,73,['government ID'],0,within an hour
73,Margie McVie,55,"['email', 'phone', 'government ID']",0,within fifteen minutes
74,Alyssa Bollini,73,"['work email', 'email', 'phone']",0,within an hour
75,Jolene Le-Good,92,"['government ID', 'phone', 'email']",1,within fifteen minutes
76,Annemarie MacAllan,93,"['email', 'government ID', 'work email']",0,within an hour
77,Cyndi Pally,53,"['work email', 'phone', 'government ID', 'email']",0,within an hour
78,Leila Jorczyk,83,['government ID'],0,within half an hour
79,Allyn Gibbieson,93,"['phone', 'work email', 'email']",1,within fifteen minutes
80,Meryl Renault,77,"['phone', 'email']",0,within half an hour
81,Carlin Khomin,80,"['work email', 'phone', 'government ID']",0,within half an hour
82,Laure Smart,90,"['email', 'phone']",0,within half an hour
83,Rinaldo Harmer,60,"['email', 'phone']",0,more than one hour
84,Clemens Braunds,63,['email'],0,within an hour
85,Torr Van Saltsberg,73,"['email', 'work email', 'phone']",0,within an hour
86,Gearard Strickland,56,"['work email', 'government ID', 'email', 'phone']",0,within an hour
87,Florinda Juris,99,"['work email', 'phone', 'government ID']",1,within half an hour
88,Pippa Branch,63,"['government ID', 'phone']",0,more than one hour
89,Farah Yerbury,61,"['work email', 'phone', 'government ID', 'email']",0,within fifteen minutes
90,Elden Davisson,93,['work email'],1,within fifteen minutes
91,Alessandro Shoulders,100,"['email', 'government ID', 'phone']",1,within fifteen minutes
92,Merill Eveque,92,"['phone', 'work email']",1,within fifteen minutes
93,Buck Sorrie,93,"['phone', 'government ID', 'email']",0,within half an hour
94,Abram Mullinger,62,"['work email', 'email', 'phone', 'government ID']",0,more than one hour
95,Barris De Stoop,100,"['work email', 'government ID', 'phone', 'email']",0,more than one hour
96,Lizbeth Van Driel,94,"['email', 'work email', 'phone', 'government ID']",0,within an hour
97,Livia Pellissier,78,"['government ID', 'email', 'phone']",0,within half an hour
98,Juliana Critzen,71,"['email', 'work email', 'government ID']",0,more than one hour
99,Angeli Punyer,95,"['email', 'work email', 'phone', 'government ID']",0,within half an hour
100,Scotti Pavlik,92,"['phone', 'work email']",1,within half an hour
101,Dell Cayette,76,"['work email', 'government ID', 'phone', 'email']",0,within fifteen minutes
102,Vasili Aizic,69,"['email', 'government ID', 'phone']",0,within fifteen minutes
103,Xylina Stollwerck,95,"['phone', 'government ID', 'email', 'work email']",0,more than one hour
104,Camila Yuille,99,"['work email', 'government ID', 'email']",0,within half an hour
105,Harri Rookeby,85,['phone'],1,within half an hour
106,Hailee Ezzell,100,"['government ID', 'work email']",0,within half an hour
107,Gregoor Snaith,66,"['email', 'government ID', 'phone', 'work email']",0,within an hour
108,Steward Millership,76,"['phone', 'work email', 'email', 'government ID']",0,within fifteen minutes
109,Wade Sliney,91,"['phone', 'government ID']",1,within fifteen minutes
110,Sephira Davidoff,52,"['email', 'government ID', 'phone']",0,more than one hour
111,Jamil Leadbetter,64,"['work email', 'phone']",0,within half an hour
112,Junia Skillicorn,54,"['email', 'phone', 'government ID', 'work email']",0,within half an hour
113,Tadio Jacqueminet,87,"['government ID', 'email', 'phone']",0,more than one hour
114,Giraud Twelvetrees,66,['government ID'],0,within an hour
115,Nananne Savage,83,['government ID'],1,within fifteen minutes
116,Warde Bourgourd,91,"['government ID', 'phone']",1,within half an hour
117,Hortensia Sill,63,"['government ID', 'email']",0,within fifteen minutes
118,David Espinho,93,"['work email', 'government ID']",1,within half an hour
119,Susannah Fassman,56,['phone'],0,within fifteen minutes
120,Brooke Bautiste,67,"['government ID', 'work email', 'phone']",0,within fifteen minutes
121,Selie Paradin,96,['government ID'],0,within fifteen minutes
122,Roselia Wythe,92,"['government ID', 'email']",1,within half an hour
123,Ashley Paulley,71,"['government ID', 'email', 'work email']",0,within half an hour
124,Jock Leather,88,"['email', 'work email', 'phone', 'government ID']",1,within half an hour
125,Taddeo St Ledger,73,['phone'],0,within an hour
126,Marthe Hanhard,97,"['government ID', 'phone']",1,within fifteen minutes
127,Marabel Beningfield,82,['email'],0,more than one hour
128,Leonid Ivanuschka,59,"['email', 'work email']",0,within an hour
129,Lucita Gusticke,73,"['email', 'phone', 'work email']",0,within an hour
130,Beverley Emor,93,"['government ID', 'work email', 'email']",1,within fifteen minutes
131,Esdras Philip,80,"['government ID', 'work email', 'phone', 'email']",0,within an hour
132,Caspar Knightsbridge,96,"['email', 'government ID', 'phone', 'work email']",0,within an hour
133,Matthus D'Ambrogi,99,"['phone', 'email', 'work email']",0,within an hour
134,Malvin Belsey,53,"['phone', 'email']",0,within an hour
135,Orland Kingston,70,"['phone', 'government ID']",0,within half an hour
136,Kendricks Boles,86,"['government ID', 'email', 'phone', 'work email']",1,within fifteen minutes
137,Isidore Calafato,63,"['phone', 'email', 'government ID', 'work email']",0,more than one hour
138,Carroll Cowlard,72,['phone'],0,more than one hour
139,Augie Ghirigori,89,"['government ID', 'work email', 'email', 'phone']",1,within fifteen minutes
140,Gerek Pendergast,50,"['government ID', 'phone', 'work email', 'email']",0,more than one hour
141,Matilde Sillis,61,"['work email', 'government ID', 'email', 'phone']",0,more than one hour
142,Keslie Roebuck,66,"['work email', 'email', 'phone', 'government ID']",0,more than one hour
143,Maitilde Hazelden,93,"['government ID', 'email', 'work email', 'phone']",1,within fifteen minutes
144,Rosemarie Edgerley,71,"['email', 'phone', 'government ID', 'work email']",0,within half an hour
145,Keelby Culshaw,60,"['email', 'work email']",0,within half an hour
146,Shell Cream,53,['email'],0,within fifteen minutes
147,Deni Lankester,57,"['phone', 'email', 'work email', 'government ID']",0,more than one hour
148,Mollee Paler,80,"['phone', 'email', 'work email']",0,more than one hour
149,Arlee Fulep,55,"['work email', 'government ID', 'email', 'phone']",0,within an hour
150,Babbette Coneau,78,['email'],0,within an hour
151,Reggie Pillman,82,['government ID'],1,within half an hour
152,Jobyna Bradley,93,"['email', 'government ID']",1,within fifteen minutes
153,Constancy Deetlefs,67,"['work email', 'email', 'government ID', 'phone']",0,within an hour
154,Donna Farra,97,"['work email', 'government ID', 'phone', 'email']",1,within half an hour
155,Hendrick Lunam,76,"['phone', 'email', 'government ID', 'work email']",0,within an hour
156,Babs McTiernan,69,"['government ID', 'work email', 'phone', 'email']",0,within fifteen minutes
157,Genvieve Fern,69,['phone'],0,within fifteen minutes
158,Dagmar O'Lagene,96,"['work email', 'email']",1,within half an hour
159,Pasquale Edlestone,87,"['email', 'government ID', 'work email', 'phone']",1,within half an hour
160,Hardy Kneesha,99,['work email'],1,within fifteen minutes
161,Lynnelle Grimme,55,"['email', 'government ID']",0,within an hour
162,Amelia Buffey,60,"['work email', 'phone', 'email', 'government ID']",0,within fifteen minutes
163,Lancelot Borgnol,84,"['work email', 'email', 'government ID']",0,within an hour
164,Marlee Adamov,57,"['government ID', 'work email', 'phone']",0,within fifteen minutes
165,Olivia Exeter,65,['government ID'],0,within fifteen minutes
166,Gunar Holdworth,88,"['work email', 'phone']",1,within fifteen minutes
167,Tedd Pollie,82,['work email'],1,within half an hour
168,Nadean Gullberg,89,"['work email', 'phone', 'government ID', 'email']",0,within half an hour
169,Erich Iacovazzi,54,"['government ID', 'email']",0,more than one hour
170,Barbabas Tudball,88,"['work email', 'phone']",1,within half an hour
171,Randal Rablin,73,"['email', 'work email', 'phone']",0,within fifteen minutes
172,Robinette Hayfield,81,['email'],1,within half an hour
173,Thaddus Jeyness,87,"['work email', 'email', 'government ID']",1,within half an hour
174,Burton Beatey,64,"['phone', 'email', 'government ID']",0,within fifteen minutes
175,Merola Blesli,98,"['phone', 'government ID', 'work email', 'email']",0,within half an hour
176,Cesare Cruddace,52,"['email', 'phone']",0,within fifteen minutes
177,Sisely Evason,69,['work email'],0,within an hour
178,Caldwell Harrow,84,"['phone', 'government ID', 'work email']",1,within fifteen minutes
179,Hilliard Ollcott,53,['government ID'],0,within half an hour
180,Davy Kitlee,53,['work email'],0,within an hour
181,Eliza Hiseman,82,['government ID'],0,within an hour
182,Shoshanna O'Mohun,61,"['government ID', 'work email', 'phone', 'email']",0,within fifteen minutes
183,Stephie Bulmer,95,"['government ID', 'work email']",0,more than one hour
184,Bethena Dyson,74,"['work email', 'government ID', 'phone']",0,more than one hour
185,Sigfried Dufaire,98,"['email', 'phone']",0,within an hour
186,Savina Bettley,94,"['email', 'government ID', 'work email', 'phone']",0,within half an hour
187,Moise Brockton,95,"['email', 'government ID', 'phone']",0,more than one hour
188,Aksel Feore,86,"['government ID', 'phone']",0,within an hour
189,Neila Hekkert,97,"['email', 'phone', 'work email']",1,within half an hour
190,Trish McCaighey,59,"['work email', 'phone', 'email']",0,within an hour
191,Rachelle Johannesson,82,"['phone', 'work email', 'email']",0,within an hour
192,Bondon Soppit,83,['phone'],1,within half an hour
193,Benn Manes,91,['work email'],0,more than one hour
194,Caresa McRory,57,"['government ID', 'email', 'work email']",0,more than one hour
195,Marci Bamford,54,"['government ID', 'email', 'work email']",0,within fifteen minutes
196,Allyce Kidstoun,60,"['email', 'work email', 'government ID']",0,within an hour
197,Diann Van Eeden,65,"['work email', 'phone', 'email']",0,within fifteen minutes
198,Tome Paradine,98,"['government ID', 'email']",1,within fifteen minutes
199,Gery Bertenshaw,93,"['email', 'work email']",0,within fifteen minutes
200,Suzy Devo,65,"['email', 'work email', 'phone', 'government ID']",0,more than one hour
201,Nicola Ferenczi,86,"['government ID', 'work email', 'phone']",1,within fifteen minutes
202,Margalo Brameld,57,"['work email', 'email']",0,within an hour
203,Nicol Crystal,69,['email'],0,more than one hour
204,Thomasa Heighton,68,"['government ID', 'work email', 'phone', 'email']",0,more than one hour
205,Calley Webburn,94,"['phone', 'work email']",0,within an hour
206,Hildagard Taillant,99,['government ID'],0,within fifteen minutes
207,Jude Hevner,54,['work email'],0,within an hour
208,Callida Syne,82,['government ID'],0,within half an hour
209,Haywood Anthoine,60,"['email', 'government ID', 'work email', 'phone']",0,more than one hour
210,Hunter Gooderidge,100,"['work email', 'government ID', 'phone', 'email']",0,within an hour
211,Gibby Cassedy,93,['phone'],1,within half an hour
212,Hammad Doram,80,"['phone', 'email', 'government ID']",1,within half an hour
213,Arie Radbourn,61,"['phone', 'work email', 'email']",0,within half an hour
214,Colby Harkins,60,"['work email', 'phone', 'government ID']",0,within an hour
215,Una Drust,66,"['government ID', 'work email', 'email', 'phone']",0,within fifteen minutes
216,Abigale Passe,89,"['phone', 'government ID']",1,within half an hour
217,Fonsie Creaven,63,"['government ID', 'email']",0,within an hour
218,Tymothy Cregin,81,"['work email', 'phone', 'government ID', 'email']",0,within an hour
219,Jerrilee Grinsdale,56,"['email', 'phone']",0,more than one hour
220,Aviva Pullin,100,"['work email', 'government ID']",1,within fifteen minutes
221,Adara Maureen,53,"['work email', 'email', 'phone', 'government ID']",0,more than one hour
222,Celestia Brocklesby,82,['work email'],1,within fifteen minutes
223,Sharleen Babbs,99,"['email', 'phone', 'work email']",1,within half an hour
224,Ade Eede,59,['email'],0,within half an hour
225,Maryann Martino,87,"['phone', 'work email', 'email', 'government ID']",0,within an hour
226,Joell Chasles,62,"['work email', 'government ID']",0,within half an hour
227,Kimberlee Prando,68,"['government ID', 'email', 'phone', 'work email']",0,within an hour
228,Yolande Betterton,66,"['work email', 'government ID', 'email', 'phone']",0,within half an hour
229,Meagan Iorizzi,80,"['government ID', 'email', 'phone', 'work email']",1,within fifteen minutes
230,Opal Searl,80,"['work email', 'phone', 'email', 'government ID']",1,within fifteen minutes
231,Evangelina Kubiczek,89,"['email', 'work email', 'phone']",0,within an hour
232,Morlee Timberlake,95,"['government ID', 'email']",1,within half an hour
233,Jesse Ollerhad,79,"['work email', 'government ID', 'phone', 'email']",0,more than one hour
234,Karl Sheers,54,"['email', 'government ID']",0,within fifteen minutes
235,Fredia Coneybeare,58,"['work email', 'email', 'phone', 'government ID']",0,within fifteen minutes
236,Waylan Gallymore,57,['government ID'],0,within half an hour
237,Torey Gedney,64,"['government ID', 'phone']",0,more than one hour
238,Homere Bentick,72,"['work email', 'email', 'phone']",0,within half an hour
239,Hurleigh Danaher,71,"['email', 'work email']",0,more than one hour
240,Gus Pawelec,54,['work email'],0,within half an hour
241,Barb Diprose,83,"['phone', 'email']",0,within half an hour
242,Don Greenroyd,76,"['phone', 'email']",0,within half an hour
243,Rhett Roskelly,95,"['government ID', 'email', 'phone', 'work email']",0,more than one hour
244,Herold Hancorn,53,['government ID'],0,more than one hour
245,Dulcia Eckley,87,['work email'],0,within an hour
246,Joelle Simo,56,"['email', 'work email']",0,more than one hour
247,Kaine Schout,95,"['email', 'government ID', 'phone', 'work email']",1,within fifteen minutes
248,Myca Joll,58,"['phone', 'email']",0,more than one hour
249,Ariella Fitzsymonds,65,"['phone', 'work email']",0,within fifteen minutes
250,Hyacintha Camerati,58,['government ID'],0,within an hour
251,Edouard Byrth,94,"['phone', 'work email', 'government ID']",1,within fifteen minutes
252,Meyer Giannasi,63,['work email'],0,within fifteen minutes
253,Buddy Robardley,83,['work email'],0,within fifteen minutes
254,Raina Filinkov,94,"['email', 'phone']",1,within half an hour
255,Margareta Pullman,62,"['government ID', 'phone']",0,within fifteen minutes
256,Anabella Burnett,62,"['email', 'work email', 'phone']",0,more than one hour
257,Leicester Morfell,96,"['phone', 'government ID', 'work email', 'email']",0,within half an hour
258,Livvie Pykett,63,"['email', 'government ID', 'work email']",0,within fifteen minutes
259,Raphaela Crocroft,52,"['phone', 'work email', 'government ID', 'email']",0,within half an hour
260,Jarret Learmonth,64,"['work email', 'phone']",0,within an hour
261,Riannon Josephs,92,['email'],0,more than one hour
262,Liana Yegorovnin,59,['phone'],0,within an hour
263,Raoul Brookson,52,"['work email', 'phone', 'government ID', 'email']",0,within an hour
264,Letisha Baitey,56,['email'],0,within fifteen minutes
265,Alfi Saye,53,['government ID'],0,within an hour
266,Yehudi Atyeo,69,"['government ID', 'phone']",0,within half an hour
267,Fey Romme,100,['email'],0,more than one hour
268,Essie Paradyce,52,"['phone', 'work email', 'government ID', 'email']",0,more than one hour
269,Jodie Shackell,92,"['phone', 'work email', 'government ID']",0,within half an hour
270,Ethyl Rushmere,72,"['phone', 'government ID', 'email', 'work email']",0,within fifteen minutes
271,Boote Gilbane,87,"['email', 'government ID', 'phone']",0,within an hour
272,Neils Mathes,72,"['work email', 'government ID', 'email', 'phone']",0,within an hour
273,Viviyan Calvie,100,"['phone', 'email', 'government ID', 'work email']",1,within half an hour
274,Vasily Hawford,86,['phone'],1,within fifteen minutes
275,Lenore Mc Meekan,100,['phone'],1,within fifteen minutes
276,Meade Igoe,64,"['email', 'work email', 'government ID', 'phone']",0,within half an hour
277,Dona D'Andrea,61,"['email', 'phone', 'government ID', 'work email']",0,within an hour
278,Margette Fenty,98,"['work email', 'government ID', 'phone', 'email']",0,within an hour
279,Loretta Burgwyn,97,"['work email', 'email', 'phone']",0,within fifteen minutes
280,Chucho Dubock,93,['work email'],0,more than one hour
281,Dacy Ayce,62,['phone'],0,more than one hour
282,Tab Verring,54,"['email', 'work email', 'government ID']",0,within fifteen minutes
283,Tommi Toffel,50,['work email'],0,within fifteen minutes
284,Fredek McAndrew,97,"['government ID', 'work email', 'email', 'phone']",1,within fifteen minutes
285,Luce Okenden,99,"['phone', 'government ID', 'email']",0,within half an hour
286,Dael Beardshall,79,"['work email', 'email', 'government ID', 'phone']",0,within an hour
287,Ferrell Beasant,77,"['work email', 'email']",0,within fifteen minutes
288,Bunni Lahrs,75,"['work email', 'phone', 'email']",0,within fifteen minutes
289,Arley Conrard,75,['email'],0,within half an hour
290,Beale Petrasso,100,['email'],0,within an hour
291,Jerrie Merwede,56,"['email', 'work email', 'phone', 'government ID']",0,within an hour
292,Shirline Christie,60,['email'],0,within an hour
293,Raddie Sollon,84,['work email'],0,within an hour
294,Whittaker Mullenger,79,"['email', 'phone', 'work email', 'government ID']",0,more than one hour
295,Kermie McKintosh,93,"['phone', 'work email']",0,within an hour
296,Shena Shade,77,['phone'],0,within half an hour
297,Celie De Zamudio,51,"['phone', 'government ID']",0,more than one hour
298,Bron Dougary,81,"['government ID', 'phone', 'work email']",0,within an hour
299,La verne Diboll,63,['government ID'],0,more than one hour
300,Brenden Humpage,65,"['email', 'work email']",0,within fifteen minutes
301,Sheilakathryn Ors,55,"['work email', 'email', 'phone', 'government ID']",0,within fifteen minutes
302,Dayna Hannabuss,62,"['work email', 'phone']",0,within an hour
303,Myriam Gillogley,80,"['work email', 'government ID', 'phone', 'email']",0,more than one hour
304,Gus Twinning,63,"['email', 'work email', 'government ID']",0,within half an hour
305,Grata Thireau,73,"['government ID', 'work email', 'phone']",0,more than one hour
306,Hamnet Kedward,97,"['work email', 'government ID', 'phone']",1,within half an hour
307,Brooks Macy,87,"['government ID', 'email']",0,within half an hour
308,Artemis Bruck,64,['phone'],0,more than one hour
309,Terrijo Lorraway,78,"['work email', 'government ID', 'phone', 'email']",0,within fifteen minutes
310,Denise Benning,81,['government ID'],0,within an hour
311,Randolph Cuff,75,"['work email', 'government ID', 'phone', 'email']",0,within fifteen minutes
312,Laurens Arlott,84,['work email'],0,within an hour
313,Leandra Moatt,52,['government ID'],0,within fifteen minutes
314,Lindsay Woodage,96,['email'],0,within fifteen minutes
315,Linea Riccardo,77,"['email', 'phone']",0,within an hour
316,Rutherford MacGaughy,68,"['email', 'phone', 'government ID', 'work email']",0,within an hour
317,Ryon Kunkel,64,"['work email', 'phone', 'government ID']",0,within an hour
318,Leese Cocci,83,['government ID'],1,within half an hour
319,Isadore Crum,76,"['work email', 'email']",0,within fifteen minutes
320,Saloma McCrackan,87,"['work email', 'email', 'phone']",0,within fifteen minutes
321,Horacio Addinall,70,"['phone', 'government ID', 'work email', 'email']",0,within an hour
322,Codie Chace,84,['email'],0,within half an hour
323,Gusti Stephens,65,"['phone', 'email', 'government ID', 'work email']",0,within an hour
324,Rosie Wheldon,98,"['government ID', 'email']",0,within an hour
325,Lucian Gynne,99,"['government ID', 'phone']",0,within an hour
326,Storm Minchin,90,"['phone', 'email', 'work email', 'government ID']",0,within fifteen minutes
327,Tibold Squeers,55,"['government ID', 'email', 'phone', 'work email']",0,within half an hour
328,Marquita Anthona,90,"['work email', 'email', 'government ID', 'phone']",0,within fifteen minutes
329,Sydelle Sarah,86,"['email', 'work email', 'phone', 'government ID']",1,within fifteen minutes
330,Borden Grimstead,89,"['phone', 'government ID', 'email', 'work email']",0,more than one hour
331,Steven Village,68,['email'],0,within an hour
332,Valdemar Piwall,86,['phone'],1,within fifteen minutes
333,Patrizia Eaglen,90,"['phone', 'work email', 'email', 'government ID']",0,within half an hour
334,Ancell Tunkin,68,"['email', 'work email', 'phone', 'government ID']",0,within fifteen minutes
335,Roxine Woakes,73,"['work email', 'phone', 'email', 'government ID']",0,within an hour
336,Dulcy Foot,78,['phone'],0,more than one hour
337,Ray Josling,99,['email'],1,within half an hour
338,Quent Licquorish,67,"['email', 'government ID', 'phone', 'work email']",0,within fifteen minutes
339,Marcella Diego,57,"['email', 'government ID', 'work email', 'phone']",0,more than one hour
340,Allyson Filipovic,60,"['government ID', 'email']",0,within an hour
341,Clarisse Ingon,77,['government ID'],0,within fifteen minutes
342,Markos Faussett,75,"['email', 'phone']",0,within an hour
343,Willetta Griffiths,53,['work email'],0,within an hour
344,Hamlen Robatham,84,['government ID'],0,within an hour
345,Georgina Callinan,87,"['phone', 'government ID']",1,within half an hour
346,Katine Whitchurch,90,"['government ID', 'email', 'phone', 'work email']",0,more than one hour
347,Loren Govenlock,83,"['work email', 'email', 'phone', 'government ID']",1,within half an hour
348,Freddy Leynagh,69,"['government ID', 'phone', 'email']",0,within an hour
349,Zonnya Van den Dael,86,"['email', 'phone', 'work email', 'government ID']",1,within fifteen minutes
350,Vale Luppitt,94,"['work email', 'phone', 'email', 'government ID']",1,within fifteen minutes
351,Traci Mohring,90,"['work email', 'phone']",0,within an hour
352,Rodi Marquis,61,"['government ID', 'phone', 'email', 'work email']",0,within fifteen minutes
353,Ben Heinle,63,"['government ID', 'email']",0,more than one hour
354,Deanne Roxburch,99,['phone'],1,within fifteen minutes
355,Yvor Fairlem,56,"['phone', 'email']",0,within fifteen minutes
356,Arlen Fennelly,54,['phone'],0,more than one hour
357,Brunhilde Ogles,99,"['phone', 'government ID']",1,within half an hour
358,Maddy Foulcher,75,"['work email', 'government ID', 'email']",0,more than one hour
359,Tanney Stanbra,83,"['email', 'government ID', 'work email', 'phone']",0,within half an hour
360,Hubey Pitfield,68,"['email', 'work email', 'phone', 'government ID']",0,within an hour
361,Cesare Plaskitt,76,"['government ID', 'email', 'phone', 'work email']",0,within fifteen minutes
362,Anna-diana Bottomley,88,"['email', 'phone', 'work email', 'government ID']",1,within fifteen minutes
363,Jessee Statton,100,['phone'],1,within half an hour
364,Louie Woolfenden,74,"['government ID', 'email', 'phone']",0,within an hour
365,Emmy Taffley,58,"['work email', 'email']",0,within fifteen minutes
366,Karon Pennetta,68,"['phone', 'email']",0,within an hour
367,Danita Giacaponi,66,"['government ID', 'work email', 'email', 'phone']",0,more than one hour
368,Danika Blazej,57,"['phone', 'email', 'government ID', 'work email']",0,within fifteen minutes
369,Roxana Bramham,72,"['phone', 'work email', 'email']",0,more than one hour
370,Reg Daintier,69,"['government ID', 'work email', 'phone']",0,within fifteen minutes
371,Karyl Scrimgeour,50,"['work email', 'email', 'phone']",0,within half an hour
372,Wilona Duchan,95,"['government ID', 'phone']",1,within half an hour
373,Janeta Valente,99,"['work email', 'email', 'government ID']",1,within half an hour
374,Lonni Bilbrook,86,"['work email', 'phone', 'email']",1,within fifteen minutes
375,Sheilah Joint,56,"['work email', 'phone', 'email']",0,within fifteen minutes
376,Cletis Stannis,90,"['work email', 'government ID', 'phone']",0,within fifteen minutes
377,Avrit Hendriksen,54,['phone'],0,more than one hour
378,Nap Newton,69,"['email', 'work email']",0,within half an hour
379,Cleopatra Bibb,58,"['government ID', 'email']",0,within an hour
380,Wolfy Gettone,84,"['phone', 'email', 'government ID', 'work email']",0,more than one hour
381,Leticia Davy,68,"['email', 'work email', 'phone']",0,more than one hour
382,Torrance Dymock,74,"['work email', 'phone']",0,within an hour
383,Bobbie Ossenna,99,"['email', 'work email']",1,within fifteen minutes
384,Costa Arnefield,90,"['phone', 'email', 'government ID']",1,within fifteen minutes
385,Janean Vallender,64,"['phone', 'work email']",0,within fifteen minutes
386,Nickie Cockburn,68,"['email', 'government ID', 'work email', 'phone']",0,within half an hour
387,Rolfe MacSharry,66,"['work email', 'government ID', 'phone', 'email']",0,more than one hour
388,Kelci Urlich,81,"['government ID', 'phone']",1,within fifteen minutes
389,April Pauwel,80,"['government ID', 'phone']",0,within an hour
390,Maureene Jozsika,80,['government ID'],1,within fifteen minutes
391,Earvin Duffil,90,"['work email', 'phone']",1,within half an hour
392,Kerr Feeney,82,"['work email', 'email', 'phone', 'government ID']",1,within fifteen minutes
393,Katie Marriot,82,"['work email', 'government ID', 'email', 'phone']",1,within half an hour
394,Marnie Chifney,86,"['email', 'phone', 'work email']",1,within fifteen minutes
395,Vincents Ridewood,51,"['phone', 'email', 'government ID', 'work email']",0,more than one hour
396,Curran Giampietro,62,['phone'],0,more than one hour
397,Filide Kightly,82,"['work email', 'government ID']",0,more than one hour
398,Henrik Hains,80,"['email', 'phone', 'work email', 'government ID']",0,within an hour
399,Sybyl Birdsall,62,"['email', 'work email', 'phone', 'government ID']",0,within an hour
400,Wenda Pizzey,70,"['government ID', 'work email']",0,within fifteen minutes
401,Audi MacKonochie,59,"['phone', 'work email', 'email']",0,within an hour
402,Stillmann Gobbett,60,"['email', 'work email', 'government ID', 'phone']",0,within fifteen minutes
403,Marmaduke Farny,75,['government ID'],0,within an hour
404,Lissa Adshad,67,['government ID'],0,more than one hour
405,Cynthea McGuggy,99,['work email'],1,within fifteen minutes
406,Cal Callf,94,"['phone', 'government ID']",1,within fifteen minutes
407,Temp Cruikshank,86,"['email', 'work email']",1,within fifteen minutes
408,Dulce Tuxill,56,"['email', 'government ID', 'work email', 'phone']",0,within half an hour
409,Rachel Jore,58,['phone'],0,within fifteen minutes
410,Peri Cruden,56,"['government ID', 'work email', 'phone']",0,within fifteen minutes
411,Gnni Latchmore,62,"['phone', 'email', 'government ID', 'work email']",0,within fifteen minutes
412,Garvin Piatkow,95,"['email', 'phone', 'government ID']",1,within half an hour
413,Parke MacKill,55,"['email', 'phone', 'government ID', 'work email']",0,within an hour
414,Ellen Carragher,62,"['work email', 'government ID', 'email']",0,more than one hour
415,Carine Sterte,80,"['work email', 'government ID', 'email', 'phone']",0,within an hour
416,Janel Renackowna,52,"['government ID', 'work email', 'phone', 'email']",0,more than one hour
417,Arabele McReedy,72,"['email', 'government ID', 'phone']",0,within half an hour
418,Buddy Jameson,79,"['government ID', 'work email', 'phone']",0,more than one hour
419,Aylmar Ray,50,"['email', 'government ID', 'work email', 'phone']",0,within fifteen minutes
420,Lauren Whiff,83,"['government ID', 'phone']",0,within half an hour
421,Evangelin Gonzalo,89,"['work email', 'email', 'phone', 'government ID']",0,within fifteen minutes
422,Eb Jereatt,79,"['email', 'government ID', 'phone']",0,within fifteen minutes
423,Kristian Heelis,100,['email'],1,within fifteen minutes
424,Calv Gorry,77,"['work email', 'phone', 'email', 'government ID']",0,within fifteen minutes
425,Rusty Bell,78,"['government ID', 'email', 'work email']",0,within an hour
426,Querida MacCahee,74,['phone'],0,more than one hour
427,Hermia Enterle,94,['work email'],0,within fifteen minutes
428,Tedra Harrow,92,"['work email', 'email', 'phone']",0,within fifteen minutes
429,Erika Brown,61,"['email', 'phone', 'work email']",0,more than one hour
430,Anton Relton,79,['email'],0,more than one hour
431,Zak Bartoli,87,['email'],0,more than one hour
432,Beryl Roizin,100,['email'],1,within half an hour
433,Randi Siman,84,"['work email', 'email']",1,within half an hour
434,Stephanie Greenhough,60,"['email', 'phone', 'government ID']",0,within half an hour
435,Debora Kensitt,79,"['work email', 'phone', 'email']",0,within half an hour
436,Gillian Barttrum,95,"['government ID', 'email', 'work email', 'phone']",0,more than one hour
437,Nicko Sibery,96,['government ID'],1,within half an hour
438,Burr MacCumiskey,68,"['phone', 'work email', 'government ID', 'email']",0,within an hour
439,Suki Cowle,87,"['phone', 'email']",1,within half an hour
440,Danny Aronstam,62,"['email', 'work email']",0,more than one hour
441,Rosanna Jaycox,56,"['phone', 'work email', 'government ID']",0,within fifteen minutes
442,Essie Cardno,56,['phone'],0,within half an hour
443,Matilde Byrne,75,['government ID'],0,more than one hour
444,Violet Karczinski,70,"['phone', 'email', 'work email', 'government ID']",0,within half an hour
445,Susie de Broke,66,"['government ID', 'email', 'work email']",0,more than one hour
446,Bernete Vater,59,['work email'],0,more than one hour
447,Cleavland Confort,76,['government ID'],0,more than one hour
448,Kelsey Rolfe,80,"['work email', 'phone']",0,within fifteen minutes
449,Cesya Burgwin,50,"['work email', 'government ID', 'phone', 'email']",0,more than one hour
450,Kerrie Vine,77,"['phone', 'email']",0,within fifteen minutes
451,Paloma Cromar,83,"['government ID', 'email', 'work email']",0,more than one hour
452,Cammy Stelli,62,"['work email', 'email', 'phone', 'government ID']",0,within an hour
453,Vikki Hatchett,57,"['government ID', 'email', 'work email', 'phone']",0,within fifteen minutes
454,Ezechiel Haggeth,72,"['email', 'work email']",0,more than one hour
455,Stefan Pitkin,51,"['email', 'phone', 'work email', 'government ID']",0,within an hour
456,Kermy Trembley,79,"['work email', 'government ID']",0,more than one hour
457,Byron Jagg,50,['government ID'],0,within half an hour
458,Jasper Liversage,78,"['work email', 'phone', 'email']",0,within an hour
459,Adriena Soall,84,"['email', 'government ID', 'phone']",1,within fifteen minutes
460,Mandy Staden,52,['government ID'],0,within fifteen minutes
461,Kacy Gathercole,80,"['email', 'work email']",1,within half an hour
462,Olwen Piggens,78,"['phone', 'work email', 'government ID']",0,more than one hour
463,Myca Glenwright,50,"['government ID', 'phone']",0,within an hour
464,Lauryn Deniset,69,"['government ID', 'phone', 'work email']",0,more than one hour
465,Winston Bossingham,82,"['email', 'work email']",0,more than one hour
466,Ernst Bernette,64,['work email'],0,more than one hour
467,Prescott Filov,81,"['government ID', 'email']",1,within half an hour
468,Halette Tydd,66,"['work email', 'government ID']",0,within half an hour
469,Margie McShirie,91,"['work email', 'government ID']",0,within half an hour
470,Gerome Westraw,84,"['government ID', 'phone', 'email']",1,within half an hour
471,Davy Ragsdale,66,"['phone', 'email', 'government ID']",0,within an hour
472,Mirna Balaisot,61,['phone'],0,more than one hour
473,Kendre Balcombe,53,"['phone', 'work email', 'email']",0,within an hour
474,Jillene Minors,68,"['work email', 'email', 'government ID']",0,within fifteen minutes
475,Harrie Gogin,78,"['email', 'phone']",0,within half an hour
476,Amitie Titcomb,60,"['government ID', 'email']",0,within fifteen minutes
477,Patrizius Heberden,84,"['government ID', 'work email']",0,within half an hour
478,Illa Tutton,55,"['work email', 'email', 'government ID', 'phone']",0,more than one hour
479,Cicily Poate,70,"['email', 'work email']",0,within fifteen minutes
480,Crosby McAuslene,62,"['email', 'phone', 'government ID', 'work email']",0,within an hour
481,Bent Springthorpe,86,"['work email', 'government ID', 'phone']",1,within fifteen minutes
482,Ingemar Luckham,58,['work email'],0,more than one hour
483,Darnell Alibone,51,"['work email', 'phone', 'government ID', 'email']",0,within an hour
484,Vinny Rozier,81,['work email'],0,more than one hour
485,Gussy Dunnan,54,"['phone', 'email']",0,more than one hour
486,Moore Gilsthorpe,53,"['work email', 'phone', 'email', 'government ID']",0,more than one hour
487,Lilli Klosser,85,"['phone', 'email', 'work email', 'government ID']",1,within half an hour
488,Myrtice Lagne,62,"['government ID', 'work email', 'phone', 'email']",0,within fifteen minutes
489,Davy Cochran,86,['work email'],0,within an hour
490,Gayleen Sauter,64,"['phone', 'government ID', 'email', 'work email']",0,within fifteen minutes
491,Mitchael Scading,62,"['phone', 'work email']",0,within half an hour
492,Editha Gothup,57,"['work email', 'government ID', 'phone']",0,within an hour
493,Rowney Purse,75,"['phone', 'email']",0,within an hour
494,Charlotte Drydale,68,"['email', 'phone']",0,within an hour
495,Cynde MacElroy,68,['phone'],0,within fifteen minutes
496,Cesaro Bidmead,93,"['work email', 'email']",1,within half an hour
497,Doug Pidgeley,79,"['email', 'work email']",0,within half an hour
498,Kyrstin Mowatt,58,['government ID'],0,within half an hour
499,Tarrah Ennew,62,"['phone', 'work email', 'email']",0,within fifteen minutes
500,Simona Sam,67,['email'],0,within an hour
501,Bastian Quinnette,90,['government ID'],0,more than one hour
502,Bab Mesias,68,"['email', 'government ID']",0,within fifteen minutes
503,Gilbertine Calyton,77,"['email', 'work email', 'government ID', 'phone']",0,more than one hour
504,Gian Ghione,74,"['phone', 'email']",0,within an hour
505,Stefano Tolomio,52,"['government ID', 'work email', 'phone']",0,within an hour
506,Loria Alsobrook,91,"['government ID', 'work email', 'phone']",0,more than one hour
507,Antonella Cradoc,85,"['email', 'work email', 'phone', 'government ID']",0,within half an hour
508,Nikolos Gavigan,100,['phone'],1,within fifteen minutes
509,Vernor Devonside,55,"['government ID', 'email']",0,within an hour
510,Billy Costerd,77,"['work email', 'email']",0,within an hour
511,Ruby Gauld,62,['phone'],0,within an hour
512,Lay Gorman,74,"['email', 'work email', 'government ID']",0,within an hour
513,Colette Scarbarrow,63,"['government ID', 'email']",0,within an hour
514,Tricia Lowen,98,"['email', 'work email', 'government ID', 'phone']",0,within an hour
515,Carolyne Core,57,"['phone', 'government ID', 'email', 'work email']",0,within fifteen minutes
516,Morgana Margram,67,['work email'],0,within fifteen minutes
517,Dacy Imlin,90,"['phone', 'government ID']",0,within half an hour
518,Peria Goldring,53,"['government ID', 'work email']",0,within fifteen minutes
519,Tuesday Aguirre,95,"['email', 'work email', 'government ID', 'phone']",0,within half an hour
520,Donnie Consadine,71,"['government ID', 'work email']",0,within half an hour
521,Gualterio Kalberer,92,"['work email', 'phone', 'government ID']",0,more than one hour
522,Bekki Kincaid,51,"['government ID', 'work email']",0,within half an hour
523,Paulette Hupe,89,"['government ID', 'work email', 'phone']",0,more than one hour
524,Georgy Troy,82,"['phone', 'government ID', 'work email', 'email']",1,within half an hour
525,Klaus Iveans,62,"['phone', 'government ID', 'work email']",0,more than one hour
526,Jud Vannar,60,['government ID'],0,within an hour
527,Portie Cotilard,81,"['work email', 'government ID']",1,within fifteen minutes
528,Maribel Blofield,77,"['work email', 'phone', 'email']",0,within an hour
529,Casi Tritten,58,['phone'],0,within fifteen minutes
530,Onfre Nissle,51,"['email', 'phone', 'work email']",0,more than one hour
531,Chickie Killiner,52,['government ID'],0,within fifteen minutes
532,Gerri Swansbury,99,"['email', 'work email', 'government ID']",1,within half an hour
533,Ber Lemonnier,50,"['email', 'work email', 'government ID', 'phone']",0,more than one hour
534,Francesca O'Growgane,97,"['email', 'government ID', 'phone']",1,within fifteen minutes
535,Kaia Leif,60,['government ID'],0,within fifteen minutes
536,Risa Borg-Bartolo,93,"['phone', 'work email', 'government ID']",0,within an hour
537,Lisa O'Grada,61,"['phone', 'work email']",0,within half an hour
538,Clemmie Fridd,80,['phone'],0,within half an hour
539,Noam Jude,74,"['work email', 'government ID', 'email']",0,within fifteen minutes
540,Bettine Matherson,96,"['email', 'phone', 'work email', 'government ID']",0,within half an hour
541,Curtis Drinkel,79,['government ID'],0,within an hour
542,Peta MacDermott,91,"['phone', 'work email', 'government ID']",0,within an hour
543,Alfonso Bargery,93,"['government ID', 'email', 'work email']",0,within fifteen minutes
544,Bryn Odlin,57,"['phone', 'work email', 'email', 'government ID']",0,within fifteen minutes
545,Lorettalorna Huc,87,"['government ID', 'phone']",0,within fifteen minutes
546,Luca Grishkov,63,['phone'],0,within fifteen minutes
547,Salvidor Woodthorpe,67,"['email', 'government ID']",0,within half an hour
548,Kattie Kears,63,['work email'],0,within half an hour
549,Thomasina Duffus,73,['government ID'],0,within an hour
550,Erina White,92,"['government ID', 'phone', 'email', 'work email']",0,within fifteen minutes
551,Cammie Olivo,67,"['government ID', 'email', 'work email']",0,within half an hour
552,Mandi Fildery,76,"['government ID', 'email', 'work email', 'phone']",0,within half an hour
553,Catarina Rayburn,69,['government ID'],0,more than one hour
554,Cole Pembery,59,['work email'],0,within half an hour
555,Benny Critchard,59,['government ID'],0,within an hour
556,Ruthie Barnewelle,50,"['email', 'phone', 'work email']",0,within fifteen minutes
557,Stacee Elcott,67,['phone'],0,more than one hour
558,Selby Paolone,89,"['work email', 'government ID', 'email']",0,within an hour
559,Wendel Burkhill,51,"['phone', 'work email', 'email']",0,more than one hour
560,Trenton Strickland,90,"['work email', 'government ID']",1,within fifteen minutes
561,Saunders Lattka,74,"['phone', 'work email', 'government ID', 'email']",0,within fifteen minutes
562,Diana Thumnel,72,"['phone', 'government ID', 'work email']",0,within fifteen minutes
563,Brice Harman,74,"['government ID', 'phone', 'email']",0,within fifteen minutes
564,Sherwood Dougliss,95,['government ID'],0,more than one hour
565,Fiann Rangell,62,"['government ID', 'phone', 'email', 'work email']",0,within an hour
566,Gaston Shegog,75,"['email', 'government ID', 'phone']",0,more than one hour
567,Putnam Cecely,100,['government ID'],1,within fifteen minutes
568,Maible Lammertz,85,"['email', 'phone', 'work email']",1,within half an hour
569,Christos Attiwill,84,"['email', 'work email', 'phone']",1,within half an hour
570,Naomi Palser,88,['email'],0,within an hour
571,Lauretta Spry,59,['government ID'],0,more than one hour
572,Jennica Tollett,78,['government ID'],0,within half an hour
573,Nevin Waistell,65,"['email', 'phone', 'work email']",0,within half an hour
574,Graham Lounds,83,"['phone', 'work email', 'government ID']",0,within half an hour
575,Ermin Leeves,75,"['government ID', 'email']",0,more than one hour
576,Constantine De la Yglesia,88,['work email'],0,within an hour
577,Lynnet McKirdy,77,"['government ID', 'work email']",0,within fifteen minutes
578,Katherine Lemery,85,"['work email', 'government ID', 'phone']",1,within half an hour
579,Dexter Giorgioni,95,"['email', 'government ID']",0,within fifteen minutes
580,Gabriell Clows,90,['email'],0,within fifteen minutes
581,Bella Downe,86,"['email', 'phone', 'government ID', 'work email']",0,within fifteen minutes
582,Toma Smails,100,"['government ID', 'email', 'work email']",1,within fifteen minutes
583,Nola Du Pre,100,"['email', 'government ID']",1,within half an hour
584,Randie Caldera,54,"['email', 'phone', 'work email']",0,more than one hour
585,Corney Hebblethwaite,86,"['work email', 'government ID', 'email', 'phone']",1,within half an hour
586,Abbot Inkpin,53,"['government ID', 'work email']",0,within fifteen minutes
587,Sacha Jewsbury,98,['work email'],0,within an hour
588,Binny Medgwick,78,"['phone', 'email', 'government ID']",0,within fifteen minutes
589,Rodge Wallett,83,"['email', 'phone']",1,within fifteen minutes
590,Levon Gegay,97,['email'],0,within half an hour
591,Steve Peat,57,"['government ID', 'phone', 'email']",0,within half an hour
592,Bobette Lapenna,72,"['email', 'work email', 'phone', 'government ID']",0,within an hour
593,Emelen Kighly,56,"['work email', 'phone', 'government ID', 'email']",0,within half an hour
594,Terrye Hastwell,99,"['phone', 'work email', 'government ID', 'email']",1,within fifteen minutes
595,Bibbie Scamwell,75,"['work email', 'government ID']",0,within half an hour
596,Wendall Iglesias,61,['phone'],0,more than one hour
597,Isadora Guiden,67,"['phone', 'work email']",0,more than one hour
598,Matias Snelson,96,"['phone', 'email', 'government ID', 'work email']",1,within half an hour
599,Stillmann Zealander,90,"['email', 'phone', 'work email', 'government ID']",1,within half an hour
600,Alaster Dimbylow,64,['email'],0,more than one hour
601,Willard Sayton,60,"['work email', 'government ID', 'phone']",0,within half an hour
602,Leif Maffia,75,"['work email', 'email']",0,within fifteen minutes
603,Beverley Conrard,74,"['work email', 'email', 'government ID']",0,more than one hour
604,Kevin Leinster,78,"['email', 'phone', 'work email', 'government ID']",0,within fifteen minutes
605,Cheston Shawyer,65,"['government ID', 'work email', 'phone', 'email']",0,within an hour
606,Marilee Ballintyne,66,"['government ID', 'phone']",0,within an hour
607,Natala Joao,95,['government ID'],0,within an hour
608,Dorry Canedo,90,"['phone', 'email', 'work email']",0,more than one hour
609,Alon Dabell,66,"['government ID', 'phone', 'email', 'work email']",0,within an hour
610,Katey Illyes,91,['email'],1,within fifteen minutes
611,Rodge Treherne,100,"['government ID', 'email', 'phone', 'work email']",1,within half an hour
612,Bayard Graffham,52,"['work email', 'government ID']",0,within fifteen minutes
613,Marsh Throughton,87,"['government ID', 'phone', 'work email', 'email']",1,within fifteen minutes
614,Washington Stannard,69,"['phone', 'work email']",0,more than one hour
615,Orville Championnet,87,"['phone', 'government ID', 'work email']",0,within fifteen minutes
616,Keenan Elleton,61,"['government ID', 'email', 'work email', 'phone']",0,within half an hour
617,Blake Scohier,73,['work email'],0,within an hour
618,Ingunna Sawkin,69,['government ID'],0,within an hour
619,Innis Coverly,57,"['email', 'phone', 'work email']",0,more than one hour
620,Eustace Elsay,93,"['work email', 'phone', 'government ID']",0,within half an hour
621,Valenka Vann,85,"['government ID', 'phone', 'email']",1,within fifteen minutes
622,Jen Portsmouth,89,['phone'],1,within half an hour
623,Ada Slocomb,89,"['phone', 'work email', 'email', 'government ID']",1,within half an hour
624,Alano Pannett,60,"['work email', 'government ID']",0,within an hour
625,Andris Wimes,66,"['work email', 'phone', 'email']",0,within half an hour
626,Lisle Bowstead,90,['email'],0,within an hour
627,Haily Conkey,55,"['phone', 'email', 'government ID', 'work email']",0,within fifteen minutes
628,Jud Float,73,"['email', 'phone', 'work email']",0,within an hour
629,Dewey Quennell,63,"['phone', 'government ID']",0,more than one hour
630,Christiane Gogay,87,"['email', 'phone']",0,more than one hour
631,Charlton Million,51,"['work email', 'government ID', 'phone']",0,within half an hour
632,Clemmy Tiplady,97,"['government ID', 'phone', 'work email']",0,within an hour
633,Crissy Virgo,66,['work email'],0,more than one hour
634,Percival Rudeforth,100,"['phone', 'government ID']",0,more than one hour
635,Barri Truelock,99,"['phone', 'email']",0,within fifteen minutes
636,Earvin MacCulloch,56,"['government ID', 'phone', 'work email', 'email']",0,within half an hour
637,Wilburt Ickovic,88,"['government ID', 'work email', 'phone']",0,within half an hour
638,Tiffany Bere,100,"['work email', 'email', 'government ID', 'phone']",1,within fifteen minutes
639,Gannie Nellis,73,"['work email', 'phone']",0,within fifteen minutes
640,Marcel Overy,80,"['email', 'work email']",0,within an hour
641,Galina Khalid,62,['work email'],0,within fifteen minutes
642,Heinrick Greenaway,61,['work email'],0,within half an hour
643,Benedicta Capenor,60,"['work email', 'government ID']",0,within fifteen minutes
644,Patrice Pont,67,"['email', 'work email', 'government ID']",0,more than one hour
645,Moss McCluin,55,"['government ID', 'work email', 'email', 'phone']",0,within fifteen minutes
646,Thorvald Largen,76,"['work email', 'phone']",0,within half an hour
647,Karlik Tidmas,55,"['work email', 'phone', 'email', 'government ID']",0,more than one hour
648,Ollie Koeppe,83,"['work email', 'email', 'government ID', 'phone']",0,within half an hour
649,Josias Dayne,91,"['work email', 'email']",0,within an hour
650,Pennie Meth,50,['phone'],0,within an hour
651,Ross Mayger,95,"['government ID', 'work email']",0,within fifteen minutes
652,Stefano Knappitt,73,['work email'],0,more than one hour
653,Nev Shelmardine,75,"['email', 'work email', 'phone']",0,within fifteen minutes
654,Giulietta Flowerdew,57,"['email', 'phone']",0,within an hour
655,Flori Sarle,73,['work email'],0,within fifteen minutes
656,Onida Tresvina,61,"['email', 'government ID']",0,within an hour
657,Bobbette Gatrell,71,['work email'],0,within fifteen minutes
658,Pauline Toffolini,70,"['email', 'phone', 'work email', 'government ID']",0,within an hour
659,Patricia Dayce,75,"['work email', 'email', 'government ID', 'phone']",0,within an hour
660,Josepha Alltimes,79,"['government ID', 'email']",0,within half an hour
661,Windy MacKnockiter,77,"['phone', 'work email', 'government ID']",0,within half an hour
662,Valentin Warke,84,['government ID'],1,within fifteen minutes
663,Mohandas Willingham,80,"['phone', 'government ID', 'email', 'work email']",0,more than one hour
664,Marnie Poynton,58,['government ID'],0,more than one hour
665,Stillman McKague,67,"['email', 'work email', 'phone', 'government ID']",0,within fifteen minutes
666,Sandy Makin,67,"['phone', 'work email', 'government ID', 'email']",0,within an hour
667,Opal Kindleside,61,"['government ID', 'work email', 'phone', 'email']",0,within half an hour
668,Renelle Itzchaky,71,['government ID'],0,within half an hour
669,Debora Rosle,96,"['government ID', 'phone', 'work email']",0,more than one hour
670,Nelie Corter,95,"['email', 'phone', 'government ID', 'work email']",1,within fifteen minutes
671,Kirsti Turley,83,"['work email', 'phone', 'email']",1,within fifteen minutes
672,Bondie Stockill,66,"['government ID', 'phone']",0,more than one hour
673,Winna Philippeaux,66,"['email', 'phone', 'work email', 'government ID']",0,within an hour
674,Barnard Lieber,56,"['email', 'government ID']",0,more than one hour
675,Kippar Neilly,95,"['phone', 'email', 'work email', 'government ID']",0,within half an hour
676,Antonietta Iapico,75,"['government ID', 'phone', 'work email', 'email']",0,within half an hour
677,Serge de Zamora,100,['government ID'],1,within fifteen minutes
678,Cece Wildber,97,"['email', 'government ID', 'work email']",1,within half an hour
679,Joyous Coleson,57,"['work email', 'phone', 'government ID']",0,within an hour
680,Priscilla Bartles,89,"['phone', 'email', 'work email', 'government ID']",1,within fifteen minutes
681,Marlane Franken,95,"['work email', 'government ID']",1,within half an hour
682,Jacklin Windham,50,['phone'],0,within an hour
683,Gabie Eastgate,93,"['email', 'phone', 'work email', 'government ID']",0,within an hour
684,Nicol Maunsell,59,"['email', 'phone', 'government ID', 'work email']",0,within an hour
685,Aubine Moorton,96,"['email', 'work email', 'government ID']",0,within an hour
686,Hally Jennemann,77,"['work email', 'phone']",0,within fifteen minutes
687,Base Kemp,82,['government ID'],1,within half an hour
688,Raquel Begley,82,['email'],0,within an hour
689,Raffarty Redferne,97,['work email'],1,within half an hour
690,Sibylla Coetzee,98,"['phone', 'work email', 'government ID']",0,within an hour
691,Sabrina Varvara,57,['work email'],0,more than one hour
692,Xenos Comport,57,"['phone', 'work email']",0,within an hour
693,Osbourn Kruse,74,['phone'],0,within half an hour
694,Carry Sherme,61,['phone'],0,within an hour
695,Shepard Heaford,61,"['phone', 'email']",0,within half an hour
696,Fiona Collumbine,97,"['work email', 'phone', 'government ID']",1,within fifteen minutes
697,Idelle Bamfield,70,"['government ID', 'work email', 'email']",0,within an hour
698,Esther Espie,99,"['work email', 'email', 'phone']",1,within half an hour
699,Wolf Harold,53,"['email', 'government ID', 'work email']",0,within half an hour
700,Enrica Baumford,64,"['work email', 'government ID', 'email', 'phone']",0,within fifteen minutes
701,Bride Wilkes,94,"['phone', 'work email', 'government ID', 'email']",0,within fifteen minutes
702,Merrilee Ettles,75,['government ID'],0,within fifteen minutes
703,Brittani Charker,88,['work email'],1,within fifteen minutes
704,Garvin McEntee,100,"['work email', 'phone', 'government ID']",1,within fifteen minutes
705,Kayla Gommowe,100,"['work email', 'phone', 'email', 'government ID']",0,more than one hour
706,Phyllida Thorn,80,"['government ID', 'phone', 'work email']",1,within half an hour
707,Bruno Scatchar,57,"['work email', 'government ID', 'phone', 'email']",0,more than one hour
708,Free Swane,57,['work email'],0,within fifteen minutes
709,Joseito Pimley,83,"['work email', 'email']",1,within half an hour
710,Sampson Izod,52,"['phone', 'work email']",0,more than one hour
711,Sander Frensche,98,['phone'],1,within half an hour
712,Menard Steedman,82,"['work email', 'government ID', 'phone', 'email']",1,within half an hour
713,Leonard Castella,92,"['work email', 'phone', 'government ID']",1,within fifteen minutes
714,Brenn Dyneley,52,"['government ID', 'phone', 'work email', 'email']",0,more than one hour
715,Charissa Dowall,78,"['phone', 'email']",0,within fifteen minutes
716,Alexio Snowling,88,"['government ID', 'phone', 'work email']",1,within fifteen minutes
717,Raleigh McGlashan,69,"['work email', 'government ID', 'email', 'phone']",0,within half an hour
718,Kenn Nazaret,54,"['government ID', 'email', 'phone', 'work email']",0,more than one hour
719,Eachelle Bilborough,87,"['phone', 'government ID']",0,within an hour
720,Meris Melanaphy,94,"['government ID', 'work email', 'email', 'phone']",0,within fifteen minutes
721,Stormie Jurczik,67,['government ID'],0,more than one hour
722,Doll Alderwick,97,"['email', 'phone']",1,within half an hour
723,Kial Sendall,78,"['email', 'government ID', 'work email', 'phone']",0,more than one hour
724,Rube Polycote,60,"['email', 'phone', 'work email']",0,within an hour
725,Dom Chapellow,54,['email'],0,more than one hour
726,Teodor Biesinger,98,"['government ID', 'phone']",0,within fifteen minutes
727,Alejandrina Scarbarrow,52,"['phone', 'work email', 'government ID']",0,within an hour
728,Leeanne Hellwich,63,"['work email', 'email']",0,within an hour
729,Christyna Hayto,97,"['phone', 'work email']",0,within an hour
730,Calvin Cherm,55,"['email', 'government ID', 'work email', 'phone']",0,within half an hour
731,Fulvia Ventura,97,"['phone', 'email', 'work email', 'government ID']",0,within half an hour
732,Maiga Styles,58,"['work email', 'government ID', 'phone']",0,more than one hour
733,Noby Rosellini,66,['work email'],0,within an hour
734,Carry Wickie,54,"['phone', 'government ID']",0,within fifteen minutes
735,Frank Sertin,99,"['email', 'work email', 'government ID']",0,more than one hour
736,Clemmie Suthren,54,['phone'],0,within fifteen minutes
737,Roddy Lumsdale,86,"['email', 'phone', 'work email', 'government ID']",0,more than one hour
738,Germain Stubbs,78,['work email'],0,within half an hour
739,Cobb Arnaudon,52,"['email', 'phone']",0,within half an hour
740,Shirl Telford,65,"['government ID', 'email']",0,more than one hour
741,Sherrie Coil,62,"['work email', 'phone']",0,within half an hour
742,Douglas Gell,83,['government ID'],0,within an hour
743,Ahmad Lamb-shine,92,"['email', 'work email']",0,more than one hour
744,Roxanne Grossier,88,"['phone', 'work email', 'government ID']",0,within half an hour
745,Bell Stovine,77,"['phone', 'work email', 'government ID']",0,within half an hour
746,Caspar Kell,64,"['government ID', 'work email', 'email']",0,within half an hour
747,Kennett Hardaker,64,"['work email', 'email']",0,more than one hour
748,Carlyle Prahm,89,"['work email', 'phone', 'government ID']",1,within fifteen minutes
749,Davina Tedridge,94,['email'],1,within half an hour
750,Gearard Smither,99,"['government ID', 'phone', 'email']",1,within half an hour
751,Mickey Scorton,61,"['government ID', 'email', 'work email', 'phone']",0,within an hour
752,Jaquith Amiable,97,"['email', 'government ID', 'phone', 'work email']",1,within half an hour
753,Lorry Denny,98,"['phone', 'email']",0,within fifteen minutes
754,Tamarra Cyson,55,"['government ID', 'email', 'phone', 'work email']",0,more than one hour
755,Zelda Stenton,83,['work email'],1,within fifteen minutes
756,Carmelle Checo,77,"['email', 'phone']",0,within an hour
757,Erin O'Nions,89,"['email', 'phone']",0,within an hour
758,Elane Kitcherside,51,"['government ID', 'work email']",0,within fifteen minutes
759,Spike Achurch,91,"['phone', 'work email']",1,within half an hour
760,Ara Kiellor,98,['email'],0,within an hour
761,Donny Danat,60,"['phone', 'email', 'government ID']",0,more than one hour
762,Courtenay MacCafferty,50,"['phone', 'work email', 'government ID']",0,within half an hour
763,Andriette Dulinty,64,"['work email', 'phone', 'email', 'government ID']",0,within fifteen minutes
764,Emmalynn Ber,60,"['phone', 'email', 'government ID']",0,within an hour
765,Austine Stow,73,"['email', 'work email', 'government ID']",0,within an hour
766,Augustine Pow,91,"['phone', 'email', 'government ID']",1,within half an hour
767,Burty Lamasna,57,"['work email', 'phone', 'government ID']",0,within an hour
768,Saudra Jervois,66,"['work email', 'phone', 'email']",0,within an hour
769,Honey Nutley,98,"['government ID', 'email', 'work email']",0,within fifteen minutes
770,Aguste Quinnelly,97,"['government ID', 'work email']",0,within half an hour
771,Woody Beneix,62,"['work email', 'government ID']",0,within an hour
772,Siana Scutcheon,97,"['phone', 'email']",1,within fifteen minutes
773,Berrie Dobeson,51,"['email', 'phone']",0,within an hour
774,Julina Jacqueme,98,"['work email', 'phone']",1,within fifteen minutes
775,Hanni Cooksley,90,"['phone', 'work email', 'email', 'government ID']",0,more than one hour
776,Rhys Eggers,69,['government ID'],0,more than one hour
777,Almire Clouter,62,"['work email', 'phone', 'government ID']",0,within fifteen minutes
778,Hart Meaders,58,"['phone', 'government ID', 'email', 'work email']",0,within fifteen minutes
779,Gussi Wooland,80,"['email', 'work email', 'phone', 'government ID']",0,within fifteen minutes
780,Terza Talks,60,"['government ID', 'email']",0,within fifteen minutes
781,Marcia Rooksby,60,"['government ID', 'work email', 'email', 'phone']",0,more than one hour
782,Deidre Risbridge,77,"['email', 'phone']",0,within fifteen minutes
783,Hollyanne Basek,66,"['email', 'work email']",0,within fifteen minutes
784,Melloney Nevett,68,"['email', 'government ID']",0,more than one hour
785,Peggie Landre,88,"['phone', 'government ID']",0,within fifteen minutes
786,Ronald Turmel,62,"['government ID', 'phone']",0,within fifteen minutes
787,Keely Trehearn,69,['email'],0,within half an hour
788,Gerrie Flynn,66,"['government ID', 'phone', 'email']",0,within an hour
789,Howard Altree,69,"['phone', 'work email']",0,within fifteen minutes
790,Laney Bosma,60,"['phone', 'work email', 'email', 'government ID']",0,more than one hour
791,Xaviera Pergens,65,"['government ID', 'email']",0,within fifteen minutes
792,Justine Burdytt,94,"['government ID', 'phone', 'work email']",0,more than one hour
793,Gina Diack,58,"['work email', 'email']",0,within an hour
794,Donia Roiz,55,['email'],0,more than one hour
795,Cheri Scripture,89,"['government ID', 'phone']",0,more than one hour
796,Hubert Weiss,100,"['work email', 'email', 'government ID', 'phone']",1,within half an hour
797,Denni Lilford,60,"['government ID', 'phone']",0,within half an hour
798,Shayna Hegarty,91,"['government ID', 'work email', 'email']",1,within half an hour
799,Ludovico Grayne,58,"['email', 'government ID', 'phone', 'work email']",0,more than one hour
800,Winona Irce,93,"['work email', 'email', 'government ID']",1,within fifteen minutes
801,Towney De Luna,88,"['work email', 'phone', 'email']",0,within fifteen minutes
802,Rosemonde Dyos,98,"['phone', 'work email', 'email', 'government ID']",0,within an hour
803,Merle Cristou,79,['phone'],0,within fifteen minutes
804,Norbert Gooden,90,"['phone', 'email']",1,within fifteen minutes
805,Gay Wellstead,60,['work email'],0,more than one hour
806,Alberik Evett,57,"['work email', 'phone', 'government ID']",0,within an hour
807,Lori Carnegie,82,"['email', 'work email', 'government ID']",0,more than one hour
808,Colin Langrick,77,"['government ID', 'work email', 'email', 'phone']",0,within fifteen minutes
809,Jobey Dyas,94,"['government ID', 'phone', 'work email', 'email']",0,within half an hour
810,Amye Todd,81,"['government ID', 'email', 'phone', 'work email']",1,within half an hour
811,Nicola Barwis,72,['phone'],0,within an hour
812,Jereme Celand,84,"['phone', 'government ID', 'email', 'work email']",1,within half an hour
813,Dorine Pitkeathley,51,"['government ID', 'work email', 'email', 'phone']",0,within an hour
814,Wyndham Slewcock,55,"['email', 'phone', 'work email', 'government ID']",0,within an hour
815,Sheff Kippie,66,"['email', 'government ID']",0,within an hour
816,Rustin Klewer,98,"['phone', 'email', 'work email']",1,within fifteen minutes
817,Ryley Merrikin,87,"['email', 'work email', 'government ID']",1,within half an hour
818,Gale Sisson,72,"['email', 'government ID', 'work email']",0,within fifteen minutes
819,Priscella Cranton,83,"['work email', 'phone', 'email']",0,within fifteen minutes
820,Marlin O'Hollegan,84,"['work email', 'phone', 'email', 'government ID']",0,within half an hour
821,Thorvald Ringham,83,"['work email', 'government ID']",0,more than one hour
822,Mordy Huxtable,53,"['government ID', 'work email']",0,within an hour
823,Madalena Arndell,59,"['work email', 'phone', 'government ID']",0,within half an hour
824,Waylan Halgarth,95,"['phone', 'government ID', 'email']",1,within fifteen minutes
825,Nappie Garaghan,50,"['work email', 'phone', 'email']",0,within half an hour
826,Ofelia Iuorio,70,['phone'],0,more than one hour
827,Carlin Lockart,83,"['work email', 'phone', 'email']",0,within fifteen minutes
828,Kara Wabey,74,"['email', 'government ID', 'phone']",0,more than one hour
829,Austen Hazelden,76,"['email', 'government ID', 'work email', 'phone']",0,more than one hour
830,Annalise Howley,91,['work email'],0,within half an hour
831,Tilda Neillans,59,"['government ID', 'work email', 'email', 'phone']",0,within fifteen minutes
832,Broddy Glencorse,83,"['phone', 'email', 'government ID', 'work email']",0,within half an hour
833,Gaile Instock,65,"['email', 'work email', 'phone']",0,within an hour
834,Carrol Asif,78,['work email'],0,more than one hour
835,Elysia Popov,68,"['work email', 'email', 'phone']",0,within fifteen minutes
836,Shannon Liveley,74,"['phone', 'email', 'work email']",0,within half an hour
837,Yule Critten,59,"['phone', 'work email']",0,within half an hour
838,Jami Fireman,93,"['email', 'phone', 'government ID']",0,within fifteen minutes
839,Cristal Pitchers,54,"['government ID', 'work email', 'phone']",0,within half an hour
840,Osgood Jorez,72,"['government ID', 'phone', 'work email']",0,within an hour
841,Amalia Ager,50,"['email', 'government ID', 'work email']",0,within an hour
842,Lon Tierney,69,"['email', 'phone', 'government ID', 'work email']",0,within an hour
843,Corbie Dewicke,100,"['work email', 'phone']",1,within half an hour
844,Ximenes Dat,77,"['work email', 'email']",0,more than one hour
845,Antonius Dametti,58,"['phone', 'email', 'government ID']",0,within half an hour
846,Merell Andreolli,93,"['government ID', 'work email', 'phone', 'email']",1,within half an hour
847,Tamma Jamrowicz,67,"['government ID', 'email', 'phone']",0,within half an hour
848,Bette Wharf,52,"['phone', 'email', 'government ID', 'work email']",0,within an hour
849,Tedd Woolacott,83,"['phone', 'work email', 'government ID']",1,within half an hour
850,Dorice Sinclaire,50,"['government ID', 'work email', 'phone', 'email']",0,within an hour
851,Sumner Meltetal,84,['phone'],0,within an hour
852,Elwira Ormond,65,"['government ID', 'phone', 'email']",0,more than one hour
853,Quinlan Stivens,98,"['email', 'phone']",0,more than one hour
854,Sheilah Bushby,73,['government ID'],0,within half an hour
855,Heddie Diano,86,"['phone', 'government ID']",1,within half an hour
856,Jodie Barling,95,"['work email', 'phone']",1,within half an hour
857,Wynn Baszniak,68,"['phone', 'work email']",0,within half an hour
858,Allys Exell,78,"['phone', 'work email', 'government ID']",0,within fifteen minutes
859,Saunder Abbett,72,['phone'],0,within half an hour
860,Tome Gregolotti,94,"['email', 'work email', 'phone']",0,more than one hour
861,Maurizio Beaze,63,"['phone', 'work email', 'government ID', 'email']",0,within fifteen minutes
862,Kylila Bawcock,77,"['government ID', 'work email', 'phone', 'email']",0,within fifteen minutes
863,Zita Chester,100,"['work email', 'government ID']",0,within half an hour
864,Scarface Thurgood,58,"['government ID', 'work email', 'phone']",0,within an hour
865,Emory Babbe,73,"['work email', 'phone', 'email']",0,more than one hour
866,Boy McKillop,97,"['phone', 'email', 'work email', 'government ID']",0,within fifteen minutes
867,Cortie Nehlsen,63,"['government ID', 'work email', 'email', 'phone']",0,within fifteen minutes
868,Maria Burston,75,"['email', 'government ID']",0,more than one hour
869,Josephine Shapero,89,"['phone', 'work email', 'email', 'government ID']",1,within fifteen minutes
870,Lek Bowden,86,"['email', 'government ID', 'work email']",1,within fifteen minutes
871,Joanie Dawkes,80,"['phone', 'government ID', 'email', 'work email']",1,within half an hour
872,Fae Bursell,61,"['email', 'work email']",0,within an hour
873,Meredithe Gray,73,['work email'],0,more than one hour
874,Gael Davana,91,"['phone', 'work email']",0,within half an hour
875,Amabel Vacher,94,['phone'],0,within half an hour
876,George McLagain,79,"['phone', 'work email', 'government ID']",0,within fifteen minutes
877,Pollyanna Humbie,100,"['email', 'work email']",0,within fifteen minutes
878,Mill Gregory,59,"['email', 'phone']",0,within an hour
879,Sophie Fontin,50,['phone'],0,more than one hour
880,Jackson Killingbeck,65,"['phone', 'work email']",0,within half an hour
881,Baldwin Gamblin,70,"['work email', 'government ID', 'phone', 'email']",0,more than one hour
882,Kristofer Plose,83,"['email', 'government ID']",0,more than one hour
883,Linnie Ucceli,95,['email'],1,within fifteen minutes
884,Devora Poppleston,72,"['government ID', 'work email', 'email', 'phone']",0,within an hour
885,Teirtza Gullan,88,['phone'],1,within half an hour
886,Giralda Bamfield,96,"['email', 'work email']",0,within half an hour
887,Merrilee Harroll,82,"['work email', 'phone']",0,within fifteen minutes
888,Sadie Basindale,93,"['government ID', 'phone', 'email']",1,within half an hour
889,Vidovik Cesconi,72,"['government ID', 'phone']",0,within half an hour
890,Morissa Happer,86,"['work email', 'email', 'government ID', 'phone']",1,within half an hour
891,Gregoor Frontczak,92,"['email', 'government ID', 'phone', 'work email']",1,within half an hour
892,Mario Vooght,59,['work email'],0,within half an hour
893,Carolyn Lumley,67,"['phone', 'work email', 'government ID']",0,within half an hour
894,Mahmoud Marielle,87,"['phone', 'email', 'work email', 'government ID']",0,within fifteen minutes
895,Garreth Beddingham,87,['government ID'],0,within fifteen minutes
896,Isidore Marousek,76,"['government ID', 'work email', 'phone']",0,within half an hour
897,Ambrosio Eakeley,61,"['phone', 'work email', 'government ID', 'email']",0,within fifteen minutes
898,Royall Tonbye,89,"['email', 'government ID', 'phone']",0,within fifteen minutes
899,Diana Samweyes,99,"['email', 'work email', 'phone']",0,within half an hour
900,Sephira Beggi,89,"['government ID', 'phone', 'work email']",0,more than one hour
901,Dinny Stinson,85,"['email', 'work email']",1,within fifteen minutes
902,Storm Maw,50,"['government ID', 'phone']",0,within an hour
903,Chrissy Titterrell,99,"['work email', 'email', 'government ID', 'phone']",0,more than one hour
904,Rozella Lipscombe,63,"['work email', 'government ID', 'email']",0,within half an hour
905,Madelle Camilli,71,['email'],0,within half an hour
906,Alanah Flett,69,"['work email', 'email', 'phone', 'government ID']",0,within fifteen minutes
907,Henriette Godsmark,80,['email'],0,within an hour
908,Daphne Mulrooney,66,['phone'],0,within an hour
909,Bonny Greensmith,57,['email'],0,within an hour
910,Jackson Rathjen,86,"['email', 'government ID']",0,within half an hour
911,Dollie Padgett,63,"['phone', 'work email']",0,within half an hour
912,Buckie Passfield,81,"['government ID', 'phone']",0,within fifteen minutes
913,Mikol Scurrer,82,"['government ID', 'phone']",0,within half an hour
914,Reilly Vogelein,67,"['email', 'work email', 'government ID', 'phone']",0,within an hour
915,Rees Goddert.sf,62,['government ID'],0,within half an hour
916,Corrina Gaven,94,['phone'],1,within fifteen minutes
917,Benyamin Dominetti,70,"['phone', 'government ID', 'email']",0,within fifteen minutes
918,Teodoor Owthwaite,71,"['government ID', 'work email', 'email', 'phone']",0,within fifteen minutes
919,Marcellina Aingel,87,"['phone', 'work email', 'email', 'government ID']",0,within fifteen minutes
920,Karee Plaschke,67,"['phone', 'work email', 'email', 'government ID']",0,within half an hour
921,Forrest Vipan,66,"['phone', 'email', 'work email', 'government ID']",0,within fifteen minutes
922,Sheila Snoddy,77,"['work email', 'government ID']",0,within fifteen minutes
923,Maybelle Maith,82,['work email'],1,within half an hour
924,Thain Tunnicliffe,55,"['government ID', 'phone', 'work email', 'email']",0,within half an hour
925,Halli Lindores,98,"['email', 'work email']",1,within fifteen minutes
926,Colas Nerger,74,"['phone', 'email']",0,within fifteen minutes
927,Neda Rainger,99,"['work email', 'government ID', 'email', 'phone']",0,more than one hour
928,Wyndham Domenico,78,"['work email', 'email']",0,within fifteen minutes
929,Archibaldo Perkinson,88,"['government ID', 'email', 'phone', 'work email']",0,within fifteen minutes
930,Rosa Dripp,99,['government ID'],1,within half an hour
931,Nananne Wolvey,89,"['work email', 'email', 'phone']",0,within fifteen minutes
932,Ester MacLice,84,"['work email', 'email', 'phone']",1,within half an hour
933,Octavia Jennemann,93,['work email'],1,within half an hour
934,Bernhard O'Lagene,83,"['work email', 'email', 'government ID', 'phone']",1,within fifteen minutes
935,Tabor Giacomucci,91,"['government ID', 'phone', 'work email']",1,within fifteen minutes
936,Nicky Renault,84,['government ID'],1,within fifteen minutes
937,Kyla Allans,63,"['work email', 'email', 'phone', 'government ID']",0,within fifteen minutes
938,Henderson Milksop,65,['phone'],0,within an hour
939,Ellary Ballay,74,"['email', 'government ID', 'work email']",0,within an hour
940,Mickie Ffoulkes,59,"['government ID', 'email', 'phone', 'work email']",0,more than one hour
941,Twila Grimsey,93,"['work email', 'government ID', 'email']",0,within fifteen minutes
942,Rob Rainforth,59,"['work email', 'government ID', 'phone', 'email']",0,within half an hour
943,Lucretia Dibley,81,"['email', 'government ID', 'phone', 'work email']",1,within half an hour
944,Marj Wombwell,63,"['email', 'phone']",0,within an hour
945,Clemmie Popley,85,"['phone', 'government ID', 'work email']",0,within half an hour
946,Tobin Boundley,84,"['email', 'phone', 'government ID', 'work email']",0,within half an hour
947,Marissa Dimond,97,"['work email', 'email', 'government ID', 'phone']",0,more than one hour
948,Massimiliano McPhelimey,94,['work email'],1,within half an hour
949,Janot Doumic,57,"['email', 'government ID']",0,more than one hour
950,Isis Gee,80,"['government ID', 'email', 'phone']",0,within fifteen minutes
951,Tommy Frandsen,67,"['work email', 'email', 'government ID', 'phone']",0,within half an hour
952,Evered de Marco,64,"['email', 'phone', 'work email', 'government ID']",0,within half an hour
953,Menard Goggins,89,"['work email', 'phone', 'government ID']",0,within half an hour
954,Tybie MacNalley,63,['phone'],0,within half an hour
955,Ryun Lyfield,97,"['email', 'work email', 'government ID', 'phone']",0,within fifteen minutes
956,Normand De Andreis,70,"['phone', 'email', 'government ID', 'work email']",0,within an hour
957,Tad Dives,69,"['email', 'phone', 'government ID']",0,within an hour
958,Kristin Gritskov,52,"['email', 'government ID', 'phone']",0,within half an hour
959,Ronny Hoble,64,"['government ID', 'work email', 'email', 'phone']",0,within half an hour
960,Crysta McNally,60,"['government ID', 'phone', 'email', 'work email']",0,within fifteen minutes
961,Donielle Harridge,51,"['government ID', 'work email', 'phone', 'email']",0,within fifteen minutes
962,Janos Beare,77,"['email', 'government ID']",0,more than one hour
963,Belicia Ridges,75,"['phone', 'work email', 'government ID']",0,within fifteen minutes
964,Rivkah Berthel,62,"['email', 'phone', 'work email', 'government ID']",0,within fifteen minutes
965,Arvin Colliber,59,"['email', 'work email', 'phone']",0,within fifteen minutes
966,Anneliese Curnock,58,"['email', 'work email', 'phone', 'government ID']",0,within fifteen minutes
967,Grier Bottby,61,"['phone', 'work email']",0,within an hour
968,Luella Strutz,95,"['phone', 'work email']",1,within half an hour
969,Barrett Peris,66,"['work email', 'email']",0,more than one hour
970,Lawrence D'eath,72,"['email', 'government ID', 'phone']",0,within an hour
971,Rebekah Kilpatrick,51,['phone'],0,within half an hour
972,Erminie Illston,62,"['government ID', 'email', 'phone', 'work email']",0,within fifteen minutes
973,Hestia Kinnen,97,"['phone', 'government ID', 'email', 'work email']",1,within fifteen minutes
974,Huntington Soreau,75,['email'],0,within half an hour
975,Karil Rebeiro,87,"['government ID', 'email', 'phone']",0,more than one hour
976,Anya Silverthorne,58,"['government ID', 'phone']",0,within half an hour
977,Gae Mutton,53,['work email'],0,within fifteen minutes
978,Orbadiah McGoogan,80,"['email', 'phone', 'work email']",0,within fifteen minutes
979,Ayn Strathearn,53,"['government ID', 'phone']",0,within fifteen minutes
980,Thedrick Mogg,53,"['government ID', 'work email']",0,within an hour
981,Nelia Cullon,68,"['email', 'phone', 'government ID']",0,within an hour
982,Dacey Goranov,73,"['work email', 'email']",0,within fifteen minutes
983,Arliene Dwire,70,['work email'],0,within fifteen minutes
984,Conant Graber,93,"['phone', 'government ID']",0,within fifteen minutes
985,Dall Merriday,70,"['government ID', 'work email']",0,within an hour
986,Amandy Kliemchen,84,['work email'],0,within fifteen minutes
987,Flor Gligoraci,58,"['work email', 'government ID', 'email', 'phone']",0,more than one hour
988,Amery Munkley,56,"['government ID', 'phone']",0,more than one hour
989,Philippe Ithell,76,"['email', 'work email']",0,within an hour
990,Thorn Iceton,87,"['phone', 'email', 'work email', 'government ID']",1,within fifteen minutes
991,Lowell Robinette,61,"['phone', 'work email', 'government ID']",0,within fifteen minutes
992,Donni Weatherley,66,"['email', 'government ID', 'work email', 'phone']",0,within an hour
993,Heath Klaus,59,"['email', 'work email']",0,within an hour
994,Bruis Haversum,50,"['email', 'phone', 'work email', 'government ID']",0,within half an hour
995,Callida Capun,81,"['phone', 'government ID', 'work email', 'email']",1,within half an hour
996,Quint Davidovich,86,['government ID'],0,within fifteen minutes
997,Townsend Malcher,81,"['work email', 'phone', 'email']",1,within fifteen minutes
998,Ivette O'Sharkey,70,"['government ID', 'email', 'work email']",0,within fifteen minutes
999,Asia Kubacek,65,"['email', 'work email', 'phone', 'government ID']",0,within an hour
1000,Karmen Mc Pake,54,"['email', 'phone']",0,within half an hour
